{
  "DataList": [
    {
      "DefaultSFXVolume": 0.8500000238418579,
      "DefaultVoiceVolume": 1,
      "DefaultBGMVolume": 0.8999999761581421
    }
  ]
}
