{
  "DataList": [
    {
      "EventContentId": 804,
      "EventContentType": "Stage",
      "CharacterId": 19009011,
      "SpineOffsetX": 0.43831000000000003,
      "SpineOffsetY": -0.20169,
      "DialogOffsetX": 29.998630000000002,
      "DialogOffsetY": -54.00137
    },
    {
      "EventContentId": 804,
      "EventContentType": "Shop",
      "CharacterId": 19009012,
      "SpineOffsetX": -0.6996100000000001,
      "SpineOffsetY": -0.59977,
      "DialogOffsetX": 0,
      "DialogOffsetY": 0
    },
    {
      "EventContentId": 804,
      "EventContentType": "BoxGacha",
      "CharacterId": 19009012,
      "SpineOffsetX": 0.04023,
      "SpineOffsetY": 0.5586300000000001,
      "DialogOffsetX": 80.00055,
      "DialogOffsetY": -27.999450000000003
    }
  ]
}
