{
  "DataList": [
    {
      "Id": 0,
      "GroupID": 1,
      "SlotZ": [
        0,
        0,
        0,
        0,
        -0.9998400000000001,
        -0.9998400000000001,
        -0.9998400000000001,
        -0.9998400000000001
      ],
      "SlotX": [
        2.25008,
        0.74992,
        -0.7489600000000001,
        -2.24912,
        2.25008,
        0.74992,
        -0.7489600000000001,
        -2.24912
      ]
    },
    {
      "Id": 22,
      "GroupID": 10001,
      "SlotZ": [
        0,
        0,
        0,
        0,
        -0.9998400000000001,
        -0.9998400000000001,
        -0.9998400000000001,
        -0.9998400000000001
      ],
      "SlotX": [
        2.25008,
        0.74992,
        -0.7489600000000001,
        -2.24912,
        2.25008,
        0.74992,
        -0.7489600000000001,
        -2.24912
      ]
    }
  ]
}
