{
  "DataList": [
    {
      "Id": 0,
      "GroupID": 1,
      "SlotZ": [
        0,
        0,
        0,
        0,
        -7443.75632,
        -7443.75632,
        -7443.75632,
        -7443.75632
      ],
      "SlotX": [
        7443.42032,
        7444.6216,
        -7444.6219200000005,
        -7443.42064,
        7443.42032,
        7444.6216,
        -7444.6219200000005,
        -7443.42064
      ]
    },
    {
      "Id": 22,
      "GroupID": 10001,
      "SlotZ": [
        0,
        0,
        0,
        0,
        -7443.75632,
        -7443.75632,
        -7443.75632,
        -7443.75632
      ],
      "SlotX": [
        7443.42032,
        7444.6216,
        -7444.6219200000005,
        -7443.42064,
        7443.42032,
        7444.6216,
        -7444.6219200000005,
        -7443.42064
      ]
    }
  ]
}
